49,2958;0,0000;49,295776;;sample;44100
50,9070;-4,2053;51,08041248;;window;2048
51,5005;-7,6930;52,07186802;;time-window;21,53320313
54,8616;-13,5687;56,51460532;;;
59,3676;-18,0889;62,0622493;;;
66,1726;-27,2230;71,55351938;;;
79,8854;-37,6517;88,31380626;;;
101,9720;-58,9314;117,7760048;;;
167,4000;-109,6047;200,0898615;;;
656,3151;-497,2625;823,4193674;;;
-238,6559;206,4292;315,5465792;;;
-85,0477;83,1625;118,9500644;;;
-45,4980;51,7021;68,87071058;;;
-26,3021;34,7836;43,60844718;;;
-15,1575;25,1548;29,36859853;;;
-6,8187;16,7643;18,09799495;;;
-0,5124;11,0026;11,01451831;;;
5,4014;3,4650;6,417248405;;;
12,0878;-2,2425;12,29408583;;;
18,3752;-12,3941;22,16447499;;;
31,0757;-23,7947;39,13926855;;;
45,9249;-46,4693;65,33375043;;;
98,3936;-104,3327;143,4106483;;;
537,4291;-641,4263;836,814039;;;
-165,2662;214,5984;270,8604539;;;
-73,4280;97,0476;121,6959549;;;
-47,2471;71,2304;85,47553655;;;
-36,9850;53,4429;64,99256545;;;
-27,5622;46,1444;53,74919523;;;
-24,9692;39,7520;46,94340801;;;
-19,6717;35,0831;40,22188981;;;
-18,4738;32,7237;37,57823119;;;
-15,6290;28,8725;32,83118188;;;
-14,2494;28,0610;31,4716486;;;
-13,1599;25,0718;28,31574201;;;
-11,3894;24,4857;27,00499259;;;
-11,3179;22,5996;25,27523588;;;
-9,5210;21,6206;23,62409414;;;
-9,7074;20,8018;22,95536745;;;
-8,3610;19,3873;21,11332966;;;
-8,2446;19,2690;20,95872856;;;
-7,6157;17,7484;19,31336154;;;
-7,0014;17,8032;19,13046178;;;
-7,0183;16,5979;18,0207724;;;
-6,0696;16,3900;17,47771759;;;
-6,3924;15,7550;17,00245117;;;
-5,4714;15,1177;16,07736141;;;
-5,6931;15,0208;16,06346355;;;
-5,1289;14,0890;14,99348191;;;
-4,9857;14,2554;15,10210146;;;
-4,8993;13,3399;14,21111567;;;
-4,3828;13,4217;14,11920152;;;
-4,6432;12,8157;13,63086426;;;
-3,9691;12,5792;13,1904894;;;
-4,2879;12,3961;13,11674874;;;
-3,7492;11,8299;12,40984598;;;
-3,8522;11,9594;12,56445103;;;
-3,6491;11,2526;11,82945324;;;
-3,4217;11,4405;11,94122298;;;
-3,5604;10,8558;11,42477706;;;
-3,0884;10,8546;11,28540319;;;
-3,3952;10,5755;11,10716854;;;
-2,9023;10,2769;10,67887212;;;
-3,1321;10,3136;10,77867498;;;
-2,8402;9,7939;10,19742368;;;
-2,8185;9,9893;10,37928236;;;
-2,8255;9,4515;9,864764506;;;
-2,5368;9,5814;9,911539964;;;
-2,7713;9,2301;9,637190735;;;
-2,3556;9,1318;9,43074965;;;
-2,6291;9,0597;9,43344568;;;
-2,2904;8,7173;9,013144737;;;
-2,4093;8,8604;9,182166115;;;
-2,2988;8,4004;8,70920783;;;
-2,1737;8,5851;8,855968164;;;
-2,3060;8,1975;8,515681973;;;
-1,9929;8,2423;8,479801232;;;
-2,2497;8,0697;8,377387511;;;
-1,9084;7,8887;8,116213139;;;
-2,1104;7,9474;8,222797655;;;
-1,9103;7,5904;7,827077265;;;
-1,9224;7,7700;8,004233591;;;
-1,9445;7,3873;7,638968644;;;
-1,7484;7,5195;7,720120821;;;
-1,9460;7,2707;7,52657514;;;
-1,6430;7,2265;7,410866891;;;
-1,8751;7,1894;7,429930978;;;
-1,6229;6,9496;7,136588597;;;
-1,7376;7,0818;7,29190537;;;
-1,6587;6,7419;6,942951358;;;
-1,5803;6,9099;7,088351764;;;
-1,6938;6,6185;6,831794673;;;
-1,4599;6,6790;6,836706801;;;
-1,6766;6,5528;6,763933105;;;
-1,4125;6,4306;6,583915176;;;
-1,5909;6,4898;6,681993657;;;
-1,4337;6,2210;6,384102332;;;
-1,4597;6,3812;6,54605935;;;
-1,4809;6,0836;6,261294712;;;
-1,3354;6,2101;6,352076498;;;
-1,5023;6,0145;6,199314538;;;
-1,2628;5,9986;6,130054451;;;
-1,4632;5,9744;6,150961838;;;
-1,2590;5,7949;5,930086122;;;
-1,3670;5,9125;6,068477559;;;
-1,3019;5,6437;5,791873695;;;
-1,2500;5,7962;5,929486705;;;
-1,3454;5,5604;5,720839641;;;
-1,1603;5,6270;5,745414954;;;
-1,3460;5,5252;5,686782128;;;
-1,1290;5,4396;5,555480837;;;
-1,2874;5,4933;5,642132593;;;
-1,1550;5,2798;5,404622104;;;
-1,1887;5,4224;5,551165732;;;
-1,2048;5,1782;5,316554572;;;
-1,0916;5,2976;5,408902857;;;
-1,2339;5,1343;5,280449035;;;
-1,0362;5,1352;5,238692045;;;
-1,2125;5,1162;5,257897531;;;
-1,0386;4,9761;5,083289973;;;
-1,1399;5,0799;5,206274276;;;
-1,0811;4,8586;4,977386499;;;
-1,0467;4,9972;5,105660199;;;
-1,1265;4,7978;4,928286572;;;
-0,9740;4,8667;4,963241334;;;
-1,1359;4,7787;4,911897329;;;
-0,9510;4,7177;4,812638946;;;
-1,0944;4,7644;4,888510441;;;
-0,9772;4,5893;4,692207406;;;
-1,0159;4,7176;4,825755958;;;
-1,0260;4,5104;4,625576352;;;
-0,9356;4,6226;4,716285622;;;
-1,0584;4,4810;4,604311586;;;
-0,8902;4,4929;4,580222493;;;
-1,0469;4,4747;4,595525121;;;
-0,8942;4,3629;4,453580317;;;
-0,9899;4,4548;4,563469714;;;
-0,9351;4,2665;4,367788973;;;
-0,9132;4,3940;4,48787374;;;
-0,9801;4,2203;4,332556838;;;
-0,8516;4,2905;4,374182526;;;
-0,9943;4,2111;4,326874338;;;
-0,8323;4,1677;4,249979848;;;
-0,9637;4,2073;4,316277385;;;
-0,8574;4,0609;4,150465836;;;
-0,8989;4,1759;4,271568692;;;
-0,9033;3,9958;4,096652636;;;
-0,8304;4,1020;4,185197524;;;
-0,9370;3,9751;4,084001343;;;
-0,7906;3,9951;4,072578426;;;
-0,9321;3,9763;4,084109466;;;
-0,7949;3,8855;3,965970058;;;
-0,8863;3,9669;4,064656304;;;
-0,8329;3,8046;3,894713731;;;
-0,8206;3,9214;4,006323005;;;
-0,8761;3,7669;3,867399845;;;
-0,7666;3,8373;3,91311325;;;
-0,8936;3,7637;3,868383894;;;
-0,7494;3,7335;3,807940813;;;
-0,8709;3,7668;3,866199903;;;
-0,7719;3,6420;3,722867532;;;
-0,8158;3,7463;3,834044908;;;
-0,8150;3,5869;3,678338407;;;
-0,7557;3,6871;3,763716746;;;
-0,8489;3,5714;3,670892149;;;
-0,7203;3,5973;3,668710354;;;
-0,8488;3,5775;3,676804789;;;
-0,7235;3,5030;3,576898277;;;
-0,8112;3,5750;3,66591169;;;
-0,7587;3,4328;3,515654342;;;
-0,7536;3,5410;3,620273085;;;
-0,7997;3,4012;3,493918836;;;
-0,7053;3,4708;3,541777885;;;
-0,8192;3,4015;3,498793023;;;
-0,6891;3,3817;3,451224359;;;
-0,8022;3,4091;3,502225192;;;
-0,7094;3,3017;3,377014394;;;
-0,7548;3,3964;3,479251741;;;
-0,7497;3,2535;3,33878892;;;
-0,7015;3,3487;3,421378738;;;
-0,7828;3,2417;3,334918539;;;
-0,6686;3,2720;3,339628622;;;
-0,7863;3,2505;3,344226845;;;
-0,6709;3,1894;3,259192147;;;
-0,7548;3,2531;3,339555904;;;
-0,7029;3,1271;3,205151234;;;
-0,7042;3,2275;3,303420124;;;
-0,7419;3,0998;3,187315574;;;
-0,6600;3,1684;3,236431371;;;
-0,7625;3,1022;3,194519044;;;
-0,6442;3,0908;3,157223005;;;
-0,7499;3,1127;3,201742445;;;
-0,6622;3,0195;3,091261356;;;
-0,7089;3,1059;3,185748385;;;
-0,6997;2,9765;3,057602637;;;
-0,6605;3,0671;3,137388923;;;
-0,7321;2,9669;3,055857892;;;
-0,6296;3,0007;3,066032025;;;
-0,7379;2,9776;3,067622546;;;
-0,6308;2,9273;2,99450155;;;
-0,7118;2,9836;3,067325025;;;
-0,6598;2,8713;2,946162142;;;
-0,6663;2,9646;3,038570708;;;
-0,6971;2,8468;2,930852318;;;
-0,6254;2,9146;2,980902929;;;
-0,7183;2,8503;2,939394529;;;
-0,6100;2,8457;2,910366541;;;
-0,7094;2,8629;2,949464862;;;
-0,6256;2,7817;2,851181946;;;
-0,6734;2,8602;2,93834844;;;
-0,6606;2,7425;2,820883736;;;
-0,6288;2,8286;2,897609151;;;
-0,6919;2,7344;2,820586307;;;
-0,5998;2,7706;2,83478739;;;
-0,6998;2,7458;2,833624995;;;
-0,5995;2,7048;2,770496759;;;
-0,6777;2,7546;2,836727162;;;
-0,6261;2,6536;2,726482217;;;
-0,6371;2,7408;2,813879733;;;
-0,6610;2,6313;2,713035005;;;
-0,5986;2,6981;2,76366513;;;
-0,6830;2,6355;2,722595008;;;
-0,5831;2,6366;2,700362611;;;
-0,6770;2,6495;2,734671982;;;
-0,5966;2,5782;2,646324134;;;
-0,6450;2,6502;2,727551025;;;
-0,6287;2,5425;2,619093439;;;
-0,6045;2,6243;2,69298517;;;
-0,6596;2,5347;2,619136759;;;
-0,5762;2,5738;2,637539113;;;
-0,6693;2,5464;2,632912073;;;
-0,5748;2,5139;2,578736721;;;
-0,6509;2,5578;2,639284726;;;
-0,5992;2,4664;2,538124165;;;
-0,6135;2,5477;2,62053428;;;
-0,6322;2,4454;2,525846426;;;
-0,5779;2,5114;2,577002624;;;
-0,6542;2,4500;2,535873337;;;
-0,5618;2,4564;2,519799331;;;
-0,6510;2,4646;2,549123224;;;
-0,5738;2,4027;2,470256871;;;
-0,6224;2,4683;2,545602891;;;
-0,6037;2,3689;2,444652609;;;
-0,5845;2,4470;2,515828327;;;
-0,6332;2,3614;2,444843942;;;
-0,5573;2,4028;2,46658617;;;
-0,6438;2,3742;2,459933906;;;
-0,5550;2,3475;2,412253024;;;
-0,6286;2,3862;2,46756386;;;
-0,5770;2,3033;2,374499482;;;
-0,5947;2,3798;2,45300786;;;
-0,6087;2,2839;2,363581963;;;
-0,5607;2,3479;2,413865796;;;
-0,6304;2,2889;2,374143545;;;
-0,5444;2,2988;2,362391161;;;
-0,6292;2,3026;2,387029263;;;
-0,5543;2,2480;2,315337099;;;
-0,6043;2,3092;2,386944547;;;
-0,5830;2,2172;2,292589898;;;
-0,5688;2,2921;2,36157978;;;
-0,6113;2,2097;2,29274473;;;
-0,5429;2,2520;2,316527861;;;
-0,6230;2,2217;2,307426743;;;
-0,5387;2,2016;2,26657043;;;
-0,6101;2,2345;2,316285364;;;
-0,5588;2,1599;2,231022194;;;
-0,5796;2,2318;2,305878631;;;
-0,5894;2,1407;2,220337026;;;
-0,5469;2,2042;2,271008122;;;
-0,6103;2,1454;2,230511328;;;
-0,5315;2,1594;2,223816755;;;
-0,6106;2,1609;2,245545004;;;
-0,5390;2,1132;2,180868489;;;
-0,5895;2,1690;2,247636973;;;
-0,5650;2,0824;2,157688449;;;
-0,5554;2,1542;2,224646818;;;
-0,5926;2,0760;2,158931212;;;
-0,5307;2,1191;2,184535607;;;
-0,6064;2,0871;2,17336188;;;
-0,5262;2,0721;2,137897191;;;
-0,5950;2,1014;2,183987145;;;
-0,5425;2,0337;2,104843388;;;
-0,5668;2,1006;2,175675565;;;
-0,5722;2,0151;2,094718585;;;
-0,5359;2,0776;2,145564413;;;
-0,5940;2,0192;2,104716479;;;
-0,5199;2,0362;2,101523611;;;
-0,5960;2,0341;2,119633344;;;
-0,5271;1,9922;2,06073987;;;
-0,5773;2,0428;2,122784041;;;
-0,5500;1,9641;2,039665096;;;
-0,5446;2,0322;2,103943504;;;
-0,5766;1,9576;2,04074805;;;
-0,5209;2,0003;2,066992658;;;
-0,5903;1,9686;2,055174703;;;
-0,5150;1,9571;2,023751508;;;
-0,5815;1,9823;2,065802413;;;
-0,5308;1,9200;1,99202798;;;
-0,5555;1,9843;2,060590498;;;
-0,5573;1,9025;1,98241683;;;
-0,5267;1,9631;2,032491325;;;
-0,5802;1,9067;1,992984782;;;
-0,5111;1,9258;1,992459206;;;
-0,5829;1,9200;2,006554741;;;
-0,5162;1,8842;1,95364789;;;
-0,5653;1,9306;2,011669672;;;
-0,5380;1,8557;1,932135476;;;
-0,5376;1,9231;1,99681143;;;
-0,5642;1,8506;1,93467967;;;
-0,5129;1,8941;1,962293138;;;
-0,5778;1,8602;1,947910302;;;
-0,5048;1,8552;1,922659887;;;
-0,5736;1,8755;1,961257941;;;
-0,5198;1,8185;1,891312713;;;
-0,5477;1,8780;1,956195612;;;
-0,5454;1,8019;1,882595111;;;
-0,5196;1,8607;1,931846018;;;
-0,5663;1,8043;1,891081798;;;
-0,5012;1,8254;1,892987234;;;
-0,5721;1,8197;1,90749429;;;
-0,5054;1,7875;1,857547734;;;
-0,5558;1,8296;1,912194683;;;
-0,5261;1,7622;1,839105559;;;
-0,5290;1,8242;1,899338612;;;
-0,5516;1,7542;1,838855054;;;
-0,5052;1,7991;1,868694789;;;
-0,5678;1,7644;1,853533482;;;
-0,4976;1,7601;1,829109349;;;
-0,5621;1,7784;1,865090407;;;
-0,5089;1,7277;1,801093212;;;
-0,5409;1,7829;1,863141627;;;
-0,5336;1,7092;1,79051869;;;
-0,5131;1,7697;1,84256585;;;
-0,5559;1,7127;1,800636385;;;
-0,4960;1,7361;1,805606407;;;
-0,5618;1,7262;1,815283538;;;
-0,4984;1,6994;1,771010998;;;
-0,5503;1,7380;1,823027928;;;
-0,5169;1,6733;1,751378269;;;
-0,5224;1,7354;1,812332054;;;
-0,5414;1,6657;1,751442408;;;
-0,4983;1,7106;1,781719936;;;
-0,5581;1,6754;1,765900385;;;
-0,4913;1,6750;1,745598288;;;
-0,5536;1,6903;1,778651001;;;
-0,5022;1,6435;1,718484694;;;
-0,5328;1,6958;1,777559538;;;
-0,5245;1,6282;1,710623092;;;
-0,5076;1,6840;1,758844706;;;
-0,5461;1,6276;1,716747629;;;
-0,4903;1,6543;1,725437541;;;
-0,5529;1,6410;1,731593254;;;
-0,4912;1,6202;1,693066527;;;
-0,5410;1,6530;1,739307321;;;
-0,5092;1,5950;1,674300433;;;
-0,5181;1,6521;1,731394011;;;
-0,5319;1,5885;1,675193375;;;
-0,4953;1,6303;1,703910766;;;
-0,5469;1,5955;1,686605247;;;
-0,4860;1,5993;1,671510805;;;
-0,5464;1,6095;1,699728854;;;
-0,4963;1,5689;1,645569846;;;
-0,5284;1,6159;1,700140275;;;
-0,5178;1,5502;1,634369712;;;
-0,5028;1,6067;1,683552852;;;
-0,5389;1,5530;1,643824682;;;
-0,4856;1,5806;1,653540538;;;
-0,5462;1,5667;1,659159717;;;
-0,4862;1,5485;1,623071598;;;
-0,5358;1,5751;1,663764501;;;
-0,5017;1,5211;1,601647202;;;
-0,5110;1,5777;1,658372091;;;
-0,5240;1,5128;1,600972803;;;
-0,4927;1,5605;1,636413555;;;
-0,5393;1,5206;1,613414168;;;
-0,4819;1,5275;1,601723296;;;
-0,5396;1,5357;1,627775611;;;
-0,4886;1,4985;1,576178292;;;
-0,5210;1,5445;1,630006508;;;
-0,5098;1,4832;1,568336339;;;
-0,4980;1,5374;1,616079267;;;
-0,5317;1,4822;1,574712929;;;
-0,4818;1,5109;1,585826294;;;
-0,5404;1,4938;1,588561585;;;
-0,4798;1,4810;1,556750051;;;
-0,5298;1,5078;1,598223408;;;
-0,4974;1,4560;1,538615402;;;
-0,5100;1,5096;1,593404832;;;
-0,5166;1,4463;1,535754525;;;
-0,4875;1,4921;1,569720864;;;
-0,5313;1,4536;1,547605633;;;
-0,4766;1,4635;1,53915513;;;
-0,5333;1,4686;1,562437925;;;
-0,4844;1,4365;1,515989057;;;
-0,5191;1,4783;1,56681137;;;
-0,5019;1,4183;1,504517278;;;
-0,4959;1,4707;1,552032806;;;
-0,5245;1,4176;1,511465707;;;
-0,4791;1,4475;1,524676968;;;
-0,5323;1,4295;1,52541986;;;
-0,4767;1,4172;1,49528445;;;
-0,5235;1,4411;1,533208628;;;
-0,4875;1,3955;1,478156575;;;
-0,5048;1,4458;1,531406234;;;
-0,5116;1,3853;1,476758555;;;
-0,4829;1,4308;1,510071929;;;
-0,5278;1,3917;1,488439427;;;
-0,4740;1,4046;1,482425911;;;
-0,5274;1,4077;1,503257573;;;
-0,4791;1,3738;1,454918273;;;
-0,5164;1,4160;1,50720038;;;
-0,4968;1,3578;1,445849497;;;
-0,4916;1,4112;1,494424636;;;
-0,5166;1,3579;1,452899069;;;
-0,4762;1,3882;1,467662245;;;
-0,5276;1,3695;1,467575426;;;
-0,4749;1,3619;1,44234869;;;
-0,5212;1,3814;1,476458513;;;
-0,4844;1,3359;1,421043162;;;
-0,5026;1,3858;1,474145275;;;
-0,5055;1,3286;1,421547257;;;
-0,4802;1,3747;1,456166061;;;
-0,5206;1,3341;1,432070305;;;
-0,4694;1,3509;1,430139921;;;
-0,5258;1,3489;1,447758;;;
-0,4737;1,3221;1,404390943;;;
-0,5120;1,3611;1,454258532;;;
-0,4921;1,3059;1,395568897;;;
-0,4898;1,3524;1,438410982;;;
-0,5124;1,3001;1,397418394;;;
-0,4748;1,3371;1,418876235;;;
-0,5228;1,3138;1,413985038;;;
-0,4698;1,3090;1,390750066;;;
-0,5152;1,3256;1,422193224;;;
-0,4800;1,2853;1,371994241;;;
-0,4988;1,3322;1,422481507;;;
-0,5015;1,2746;1,369722903;;;
-0,4780;1,3211;1,404955384;;;
-0,5171;1,2796;1,380104098;;;
-0,4663;1,2962;1,377543076;;;
-0,5217;1,2963;1,397338181;;;
-0,4711;1,2695;1,354140278;;;
-0,5093;1,3069;1,402662397;;;
-0,4874;1,2549;1,346272254;;;
-0,4857;1,3042;1,39165998;;;
-0,5075;1,2507;1,349773545;;;
-0,4708;1,2854;1,368909508;;;
-0,5218;1,2607;1,364416119;;;
-0,4660;1,2607;1,344092228;;;
-0,5144;1,2768;1,376584331;;;
-0,4768;1,2365;1,325221238;;;
-0,4980;1,2796;1,373105455;;;
-0,4955;1,2263;1,322584061;;;
-0,4768;1,2714;1,357889155;;;
-0,5097;1,2314;1,332690932;;;
-0,4650;1,2489;1,332622954;;;
-0,5141;1,2449;1,346860441;;;
-0,4674;1,2252;1,311270902;;;
-0,5048;1,2551;1,352788717;;;
-0,4855;1,2065;1,300469576;;;
-0,4848;1,2540;1,34447676;;;
-0,5016;1,2044;1,304632846;;;
-0,4689;1,2377;1,323542706;;;
-0,5127;1,2116;1,315581844;;;
-0,4656;1,2109;1,297335412;;;
-0,5112;1,2266;1,328861278;;;
-0,4728;1,1914;1,281747018;;;
-0,4975;1,2318;1,328495133;;;
-0,4934;1,1817;1,280620513;;;
-0,4746;1,2233;1,31210208;;;
-0,5102;1,1825;1,287876348;;;
-0,4650;1,2037;1,290422634;;;
-0,5134;1,1964;1,301924562;;;
-0,4655;1,1773;1,26601512;;;
-0,5032;1,2069;1,307573833;;;
-0,4771;1,1619;1,25600745;;;
-0,4848;1,2072;1,300955861;;;
-0,4998;1,1581;1,261371578;;;
-0,4666;1,1933;1,281276444;;;
-0,5091;1,1669;1,27313721;;;
-0,4602;1,1710;1,258189078;;;
-0,5102;1,1808;1,286360154;;;
-0,4693;1,1477;1,239902359;;;
-0,4935;1,1883;1,286672061;;;
-0,4860;1,1388;1,238177801;;;
-0,4751;1,1828;1,274652227;;;
-0,5038;1,1423;1,24841109;;;
-0,4625;1,1610;1,249738674;;;
-0,5074;1,1530;1,259760527;;;
-0,4632;1,1390;1,22958698;;;
-0,5023;1,1645;1,268197996;;;
-0,4755;1,1214;1,218030851;;;
-0,4810;1,1652;1,260627315;;;
-0,4941;1,1154;1,219877003;;;
-0,4673;1,1530;1,244078542;;;
-0,5072;1,1249;1,233954665;;;
-0,4608;1,1305;1,220804488;;;
-0,5062;1,1395;1,246878401;;;
-0,4682;1,1069;1,201804282;;;
-0,4932;1,1459;1,247528346;;;
-0,4838;1,0962;1,198196089;;;
-0,4720;1,1415;1,235264888;;;
-0,4996;1,0987;1,206973143;;;
-0,4614;1,1235;1,214538033;;;
-0,5070;1,1113;1,221479783;;;
-0,4608;1,0995;1,19214552;;;
-0,4997;1,1219;1,228118945;;;
-0,4745;1,0821;1,181571608;;;
-0,4809;1,1250;1,223453382;;;
-0,4900;1,0775;1,183646256;;;
-0,4654;1,1146;1,207891202;;;
-0,5016;1,0843;1,194668779;;;
-0,4571;1,0938;1,185448863;;;
-0,5023;1,0980;1,207429357;;;
-0,4646;1,0713;1,167746708;;;
-0,4900;1,1069;1,210481942;;;
-0,4802;1,0596;1,16329227;;;
-0,4718;1,1022;1,19889152;;;
-0,4971;1,0612;1,171898107;;;
-0,4597;1,0847;1,178058455;;;
-0,5033;1,0724;1,184669318;;;
-0,4577;1,0631;1,157436315;;;
-0,4989;1,0860;1,195107354;;;
-0,4720;1,0443;1,146001066;;;
-0,4821;1,0877;1,189692072;;;
-0,4862;1,0406;1,148549916;;;
-0,4655;1,0774;1,173624888;;;
-0,5006;1,0479;1,161362305;;;
-0,4580;1,0548;1,149955937;;;
-0,5010;1,0609;1,173250161;;;
-0,4616;1,0359;1,13409951;;;
-0,4888;1,0688;1,175294062;;;
-0,4779;1,0232;1,129343571;;;
-0,4715;1,0658;1,165437142;;;
-0,4928;1,0257;1,137905187;;;
-0,4586;1,0505;1,146265214;;;
-0,5009;1,0366;1,151299121;;;
-0,4561;1,0294;1,125889258;;;
-0,4950;1,0476;1,158713838;;;
-0,4685;1,0128;1,115888685;;;
-0,4798;1,0512;1,155535424;;;
-0,4832;1,0050;1,115091948;;;
-0,4630;1,0420;1,140250601;;;
-0,4967;1,0112;1,126573627;;;
-0,4565;1,0229;1,12010404;;;
-0,4986;1,0249;1,139734104;;;
-0,4584;1,0034;1,103202684;;;
-0,4881;1,0345;1,143840683;;;
-0,4740;0,9902;1,097756119;;;
-0,4709;1,0316;1,134029372;;;
-0,4899;0,9903;1,104891984;;;
-0,4579;1,0170;1,115275406;;;
-0,4981;1,0008;1,11795347;;;
-0,4555;0,9961;1,095262869;;;
-0,4938;1,0125;1,126520889;;;
-0,4642;0,9793;1,083724351;;;
-0,4798;1,0179;1,125351769;;;
-0,4810;0,9720;1,084505342;;;
-0,4636;1,0102;1,111458818;;;
-0,4942;0,9783;1,096068205;;;
-0,4537;0,9912;1,090096553;;;
-0,4966;0,9908;1,108300206;;;
-0,4587;0,9714;1,074191139;;;
-0,4866;1,0010;1,113057369;;;
-0,4720;0,9586;1,068520273;;;
-0,4712;0,9987;1,104293634;;;
-0,4879;0,9580;1,075070127;;;
-0,4567;0,9862;1,086792955;;;
-0,4961;0,9682;1,087952779;;;
-0,4524;0,9663;1,06695523;;;
-0,4935;0,9803;1,097518285;;;
-0,4628;0,9479;1,054864116;;;
-0,4784;0,9858;1,09572889;;;
-0,4778;0,9418;1,056026275;;;
-0,4624;0,9781;1,0818839;;;
-0,4921;0,9470;1,067242248;;;
-0,4524;0,9613;1,062433709;;;
-0,4950;0,9588;1,079038879;;;
-0,4557;0,9414;1,045942175;;;
-0,4855;0,9691;1,083881153;;;
-0,4691;0,9283;1,04008815;;;
-0,4704;0,9683;1,07653595;;;
-0,4848;0,9266;1,045809227;;;
-0,4564;0,9559;1,059266079;;;
-0,4937;0,9371;1,059227649;;;
-0,4526;0,9369;1,040487187;;;
-0,4903;0,9486;1,067798455;;;
-0,4598;0,9196;1,028146404;;;
-0,4787;0,9550;1,06822414;;;
-0,4759;0,9115;1,028221982;;;
-0,4625;0,9498;1,056418071;;;
-0,4889;0,9164;1,038651374;;;
-0,4516;0,9327;1,036256473;;;
-0,4925;0,9284;1,05094272;;;
-0,4543;0,9135;1,020260702;;;
-0,4858;0,9375;1,055858226;;;
-0,4663;0,8999;1,013556846;;;
-0,4700;0,9405;1,051435141;;;
-0,4828;0,8992;1,020623914;;;
-0,4546;0,9278;1,033213345;;;
-0,4926;0,9074;1,03251315;;;
-0,4502;0,9097;1,015029887;;;
-0,4906;0,9197;1,042343739;;;
-0,4578;0,8919;1,002528907;;;
-0,4772;0,9272;1,04277232;;;
-0,4737;0,8841;1,003004162;;;
-0,4640;0,9216;1,031760211;;;
-0,4881;0,8876;1,012933423;;;
-0,4511;0,9059;1,011993223;;;
-0,4921;0,8998;1,025596374;;;
-0,4537;0,8862;0,995541468;;;
-0,4842;0,9092;1,030033282;;;
-0,4644;0,8735;0,989284553;;;
-0,4709;0,9116;1,026019078;;;
-0,4793;0,8705;0,993692688;;;
-0,4545;0,8999;1,008168325;;;
-0,4898;0,8791;1,00629693;;;
-0,4487;0,8827;0,990239137;;;
-0,4877;0,8930;1,017454312;;;
-0,4560;0,8648;0,977680331;;;
-0,4775;0,9004;1,019222183;;;
-0,4694;0,8578;0,977842263;;;
-0,4627;0,8941;1,006766902;;;
-0,4859;0,8605;0,988220855;;;
-0,4530;0,8834;0,99274398;;;
-0,4885;0,8719;0,999421107;;;
-0,4499;0,8628;0,973037189;;;
-0,4842;0,8858;1,009487829;;;
-0,4620;0,8491;0,966604513;;;
-0,4687;0,8846;1,001135772;;;
-0,4766;0,8436;0,9689552;;;
-0,4555;0,8755;0,986883305;;;
-0,4881;0,8516;0,981522753;;;
-0,4499;0,8569;0,967800341;;;
-0,4903;0,8631;0,99264997;;;
-0,4527;0,8403;0,954530752;;;
-0,4776;0,8707;0,993130261;;;
-0,4685;0,8317;0,954595706;;;
-0,4605;0,8691;0,983521921;;;
-0,4813;0,8370;0,965524579;;;
-0,4504;0,8553;0,96665538;;;
-0,4899;0,8476;0,979027002;;;
-0,4516;0,8372;0,951220437;;;
-0,4804;0,8544;0,980207259;;;
-0,4602;0,8228;0,942739999;;;
-0,4717;0,8627;0,983253402;;;
-0,4757;0,8192;0,947283003;;;
-0,4538;0,8532;0,966359955;;;
-0,4875;0,8270;0,96000759;;;
-0,4494;0,8340;0,947400478;;;
-0,4880;0,8391;0,970679107;;;
-0,4509;0,8163;0,932525395;;;
-0,4759;0,8477;0,972148758;;;
-0,4672;0,8089;0,934079692;;;
-0,4615;0,8424;0,960520367;;;
-0,4787;0,8062;0,937611718;;;
-0,4494;0,8319;0,945541203;;;
-0,4886;0,8187;0,953452574;;;
-0,4508;0,8149;0,931294301;;;
-0,4833;0,8315;0,961730138;;;
-0,4558;0,7989;0,919771732;;;
-0,4702;0,8343;0,957640287;;;
-0,4723;0,7937;0,923587138;;;
-0,4533;0,8282;0,944122853;;;
-0,4861;0,8025;0,93823486;;;
-0,4479;0,8121;0,927422072;;;
-0,4880;0,8124;0,947687501;;;
-0,4554;0,7969;0,91783003;;;
-0,4737;0,8220;0,948715934;;;
-0,4663;0,7839;0,91215765;;;
-0,4632;0,8200;0,941763085;;;
-0,4743;0,7879;0,919645288;;;
-0,4513;0,8074;0,924967159;;;
-0,4831;0,7955;0,930661473;;;
-0,4490;0,7943;0,912381525;;;
-0,4829;0,8086;0,941840906;;;
-0,4528;0,7778;0,899996032;;;
-0,4684;0,8136;0,938821661;;;
-0,4728;0,7707;0,90419075;;;
-0,4541;0,8068;0,925807903;;;
-0,4828;0,7741;0,912280662;;;
-0,4520;0,7866;0,907186474;;;
-0,4849;0,7916;0,928293523;;;
-0,4504;0,7693;0,891424705;;;
-0,4800;0,8021;0,934724984;;;
-0,4592;0,7652;0,892413821;;;
-0,4577;0,7997;0,921387871;;;
-0,4745;0,7595;0,895483848;;;
-0,4505;0,7878;0,907552872;;;
-0,4846;0,7719;0,911454565;;;
-0,4508;0,7680;0,890528808;;;
-0,4805;0,7865;0,921701138;;;
-0,4558;0,7555;0,882291373;;;
-0,4698;0,7949;0,923348241;;;
-0,4621;0,7524;0,882978525;;;
-0,4561;0,7817;0,904997962;;;
-0,4886;0,7562;0,900304811;;;
-0,4431;0,7668;0,885612364;;;
-0,4915;0,7698;0,913340311;;;
-0,4510;0,7558;0,880116291;;;
-0,4757;0,7737;0,908265212;;;
-0,4639;0,7371;0,870971497;;;
-0,4630;0,7817;0,908529657;;;
-0,4756;0,7391;0,878877521;;;
-0,4498;0,7711;0,892739968;;;
-0,4862;0,7454;0,889913306;;;
-0,4487;0,7511;0,874934908;;;
-0,4811;0,7651;0,903800905;;;
-0,4505;0,7350;0,86213339;;;
-0,4686;0,7734;0,90427234;;;
-0,4731;0,7271;0,867487765;;;
-0,4575;0,7640;0,890494341;;;
-0,4783;0,7351;0,876984802;;;
-0,4505;0,7478;0,872979199;;;
-0,4878;0,7463;0,891591434;;;
-0,4513;0,7274;0,856007097;;;
-0,4791;0,7551;0,894201815;;;
-0,4616;0,7192;0,85462711;;;
-0,4599;0,7588;0,887356542;;;
-0,4708;0,7180;0,85859299;;;
-0,4430;0,7463;0,86784548;;;
-0,4838;0,7250;0,871634568;;;
-0,4450;0,7370;0,860888561;;;
-0,4801;0,7448;0,886107368;;;
-0,4529;0,7080;0,840469029;;;
-0,4688;0,7448;0,880043455;;;
-0,4661;0,7123;0,851230475;;;
-0,4591;0,7383;0,869445254;;;
-0,4785;0,7111;0,857083009;;;
-0,4435;0,7332;0,856878566;;;
-0,4800;0,7218;0,866859242;;;
-0,4435;0,7132;0,839893245;;;
-0,4724;0,7298;0,86937227;;;
-0,4600;0,6967;0,834886056;;;
-0,4567;0,7317;0,862544947;;;
-0,4701;0,7034;0,84602394;;;
-0,4494;0,7325;0,859333404;;;
-0,4778;0,7104;0,856159282;;;
-0,4426;0,7103;0,836909812;;;
-0,4828;0,7186;0,865687558;;;
-0,4484;0,6905;0,823355419;;;
-0,4655;0,7351;0,87010113;;;
-0,4565;0,6946;0,831159015;;;
-0,4543;0,7241;0,854824807;;;
-0,4719;0,6920;0,837626976;;;
-0,4428;0,7154;0,841317332;;;
-0,4893;0,7055;0,858606395;;;
-0,4559;0,6962;0,832163912;;;
-0,4788;0,7101;0,856403153;;;
-0,4489;0,6857;0,819597866;;;
-0,4506;0,7160;0,845992021;;;
-0,4765;0,6793;0,829745288;;;
-0,4452;0,7101;0,838144193;;;
-0,4806;0,6923;0,842754176;;;
-0,4483;0,6896;0,822461795;;;
-0,4812;0,7080;0,856016598;;;
-0,4517;0,6806;0,816817214;;;
-0,4657;0,7103;0,8493967;;;
-0,4623;0,6709;0,814753948;;;
-0,4591;0,7042;0,840640152;;;
-0,4751;0,6697;0,821145366;;;
-0,4523;0,6919;0,826630052;;;
-0,4784;0,6783;0,830053327;;;
-0,4484;0,6754;0,810755096;;;
-0,4780;0,6987;0,846586122;;;
-0,4521;0,6772;0,814242289;;;
-0,4621;0,6901;0,830570296;;;
-0,4687;0,6639;0,812669776;;;
-0,4522;0,6866;0,82212894;;;
-0,4767;0,6734;0,825064029;;;
-0,4500;0,6781;0,813801226;;;
-0,4898;0,6779;0,836347058;;;
-0,4474;0,6558;0,793864611;;;
-0,4622;0,6911;0,831444515;;;
-0,4683;0,6661;0,814233017;;;
-0,4515;0,6941;0,82803172;;;
-0,4704;0,6603;0,810696223;;;
-0,4538;0,6756;0,813875672;;;
-0,4841;0,6602;0,818620525;;;
-0,4376;0,6642;0,795359853;;;
-0,4770;0,6753;0,826784158;;;
-0,4478;0,6542;0,792743394;;;
-0,4624;0,6721;0,815813262;;;
-0,4641;0,6476;0,796662879;;;
-0,4560;0,6716;0,811805534;;;
-0,4742;0,6518;0,805994976;;;
-0,4405;0,6553;0,789573102;;;
-0,4842;0,6609;0,819334124;;;
-0,4459;0,6447;0,783890529;;;
-0,4678;0,6736;0,820123601;;;
-0,4462;0,6311;0,772859477;;;
-0,4635;0,6770;0,82043074;;;
-0,4829;0,6403;0,801935008;;;
-0,4463;0,6554;0,79295337;;;
-0,4808;0,6490;0,807706776;;;
-0,4478;0,6531;0,791857557;;;
-0,4758;0,6710;0,82261526;;;
-0,4509;0,6328;0,777035996;;;
-0,4707;0,6522;0,804291244;;;
-0,4679;0,6439;0,795993354;;;
-0,4503;0,6579;0,797295419;;;
-0,4829;0,6373;0,799571026;;;
-0,4381;0,6506;0,784336103;;;
-0,4818;0,6413;0,802132359;;;
-0,4549;0,6297;0,776788727;;;
-0,4663;0,6508;0,800627537;;;
-0,4559;0,6247;0,773426682;;;
-0,4585;0,6503;0,795678051;;;
-0,4682;0,6210;0,777743602;;;
-0,4457;0,6478;0,786329434;;;
-0,4751;0,6302;0,789191249;;;
-0,4436;0,6260;0,767272403;;;
-0,4658;0,6439;0,794758195;;;
-0,4449;0,6208;0,763751764;;;
-0,4577;0,6555;0,799502859;;;
-0,4673;0,6088;0,767456411;;;
-0,4581;0,6348;0,782832498;;;
-0,4709;0,6135;0,773375322;;;
-0,4421;0,6315;0,770882261;;;
-0,4726;0,6248;0,783440305;;;
-0,4295;0,6128;0,74834901;;;
-0,4683;0,6402;0,793210424;;;
-0,4568;0,6048;0,757929986;;;
-0,4541;0,6383;0,783327698;;;
-0,4809;0,6049;0,772764796;;;
-0,4392;0,6228;0,762073016;;;
-0,4695;0,6160;0,774557599;;;
-0,4370;0,6180;0,756930878;;;
-0,4805;0,6156;0,780948382;;;
-0,4407;0,6054;0,748782689;;;
-0,4687;0,6370;0,790873308;;;
-0,4682;0,5829;0,747707965;;;
-0,4593;0,6366;0,785020934;;;
-0,4682;0,6017;0,762432951;;;
-0,4353;0,6065;0,746538356;;;
-0,4812;0,6056;0,773482982;;;
-0,4470;0,6148;0,760101517;;;
-0,4789;0,6165;0,780655718;;;
-0,4549;0,5895;0,744591575;;;
-0,4654;0,6209;0,7759597;;;
-0,4605;0,6029;0,758645511;;;
-0,4460;0,6186;0,762618482;;;
-0,4779;0,6065;0,772184182;;;
-0,4528;0,5960;0,748439747;;;
-0,4729;0,5973;0,761822628;;;
-0,4516;0,5853;0,739267834;;;
-0,4604;0,6170;0,769849365;;;
-0,4689;0,5864;0,750857647;;;
-0,4445;0,6196;0,762522017;;;
-0,4645;0,5814;0,744208135;;;
-0,4418;0,5882;0,735655888;;;
-0,4765;0,6028;0,768425126;;;
-0,4645;0,6008;0,759363047;;;
-0,4673;0,6055;0,764853422;;;
-0,4530;0,5655;0,724590222;;;
-0,4727;0,6190;0,778835381;;;
-0,4416;0,5681;0,719562496;;;
-0,4504;0,5970;0,747880699;;;
-0,4941;0,5857;0,766221547;;;
-0,4499;0,5867;0,739358884;;;
-0,4698;0,5945;0,757687423;;;
-0,4438;0,5736;0,725203352;;;
-0,4644;0,5992;0,758110888;;;
-0,4764;0,5868;0,755815327;;;
-0,4414;0,5888;0,735878013;;;
-0,4605;0,5813;0,741609637;;;
-0,4416;0,5719;0,722574247;;;
-0,4716;0,5722;0,74153318;;;
-0,4487;0,5752;0,729492029;;;
-0,4576;0,5884;0,745370911;;;
-0,4528;0,5610;0,720940227;;;
-0,4652;0,5909;0,752065959;;;
-0,4790;0,5627;0,7390156;;;
-0,4263;0,5927;0,730046206;;;
-0,4833;0,5687;0,74635506;;;
-0,4377;0,5648;0,714566828;;;
-0,4716;0,5863;0,752418808;;;
-0,4511;0,5769;0,732375841;;;
-0,4698;0,5795;0,746028676;;;
-0,4510;0,5624;0,720870023;;;
-0,4489;0,5678;0,72380433;;;
-0,4871;0,5608;0,742760861;;;
-0,4481;0,5696;0,72475217;;;
-0,4680;0,5693;0,736920909;;;
-0,4407;0,5666;0,71778981;;;
-0,4785;0,5840;0,755001843;;;
-0,4429;0,5532;0,708644982;;;
-0,4661;0,5882;0,750486693;;;
-0,4719;0,5405;0,717511081;;;
-0,4373;0,5623;0,712347093;;;
-0,4682;0,5489;0,721497252;;;
-0,4315;0,5510;0,699827904;;;
-0,4784;0,5696;0,743822513;;;
-0,4657;0,5459;0,717545201;;;
-0,4717;0,5662;0,736988998;;;
-0,4579;0,5334;0,702993797;;;
-0,4710;0,5718;0,740799318;;;
-0,4818;0,5437;0,726466932;;;
-0,4359;0,5505;0,702184738;;;
-0,4934;0,5448;0,734981005;;;
-0,4388;0,5410;0,696526213;;;
-0,4738;0,5655;0,737687101;;;
-0,4418;0,5413;0,698712828;;;
-0,4608;0,5707;0,733462912;;;
-0,4553;0,5375;0,704460716;;;
-0,4465;0,5578;0,714471839;;;
-0,4741;0,5508;0,726730425;;;
-0,4321;0,5335;0,686567271;;;
-0,4766;0,5504;0,728024216;;;
-0,4351;0,5237;0,680808345;;;
-0,4664;0,5686;0,73536671;;;
-0,4453;0,5166;0,681994277;;;
-0,4489;0,5601;0,717808205;;;
-0,4688;0,5216;0,701293316;;;
-0,4347;0,5397;0,692997343;;;
-0,4705;0,5408;0,716835918;;;
-0,4382;0,5477;0,701423907;;;
-0,4705;0,5383;0,714994131;;;
-0,4379;0,5256;0,684104885;;;
-0,4689;0,5525;0,724704397;;;
-0,4719;0,5233;0,704628268;;;
-0,4416;0,5464;0,702476239;;;
-0,4712;0,5218;0,703108357;;;
-0,4398;0,5241;0,6841582;;;
-0,4722;0,5444;0,720622851;;;
-0,4268;0,5223;0,674516529;;;
-0,4563;0,5535;0,717314554;;;
-0,4589;0,5116;0,6872835;;;
-0,4471;0,5532;0,711300507;;;
-0,4659;0,5023;0,685113744;;;
-0,4368;0,5279;0,685239333;;;
-0,5078;0,5268;0,731699972;;;
-0,4399;0,5327;0,690864201;;;
-0,4572;0,5396;0,707203184;;;
-0,4588;0,5078;0,684396231;;;
-0,4503;0,5436;0,705872815;;;
-0,4746;0,5103;0,6969267;;;
-0,4350;0,5285;0,684468362;;;
-0,4697;0,5036;0,688639821;;;
-0,4499;0,5217;0,688856707;;;
-0,4765;0,5234;0,707786619;;;
-0,4361;0,4996;0,663167179;;;
-0,4570;0,5252;0,696141489;;;
-0,4546;0,4929;0,670550943;;;
-0,4540;0,5320;0,699344391;;;
-0,4572;0,4901;0,670251048;;;
-0,4428;0,5179;0,681421214;;;
-0,4789;0,5140;0,702482237;;;
-0,4415;0,5043;0,670239608;;;
-0,4613;0,5273;0,700582898;;;
-0,4436;0,4874;0,659040304;;;
-0,4534;0,5238;0,692766177;;;
-0,4616;0,4930;0,675334971;;;
-0,4426;0,5144;0,678601199;;;
-0,4848;0,5047;0,699796276;;;
-0,4531;0,5009;0,675405581;;;
-0,4689;0,5066;0,690261863;;;
-0,4331;0,4845;0,649872458;;;
-0,4821;0,5156;0,705860853;;;
-0,4267;0,4923;0,651520706;;;
-0,4435;0,5267;0,688525965;;;
-0,4760;0,4825;0,677815291;;;
-0,4478;0,5222;0,687868195;;;
-0,4513;0,4818;0,660148257;;;
-0,4320;0,4978;0,659107013;;;
-0,4680;0,5184;0,698417346;;;
-0,4405;0,4684;0,643027791;;;
-0,4689;0,5180;0,698713925;;;
-0,4588;0,4692;0,6562966;;;
-0,4449;0,5086;0,675716448;;;
-0,4543;0,4808;0,661496516;;;
-0,4227;0,4999;0,654613679;;;
-0,4725;0,4916;0,681808677;;;
-0,4493;0,4968;0,669824123;;;
-0,4740;0,5069;0,694016932;;;
-0,4540;0,4702;0,653636548;;;
-0,4614;0,5100;0,687749095;;;
-0,4800;0,4746;0,675014474;;;
-0,4518;0,4974;0,671914971;;;
-0,4693;0,4745;0,667399108;;;
-0,4604;0,4830;0,667236427;;;
-0,4751;0,5138;0,699811352;;;
-0,4580;0,4823;0,665133663;;;
-0,4464;0,5233;0,687879117;;;
-0,4579;0,4558;0,646077325;;;
-0,4416;0,5157;0,678906671;;;
-0,4714;0,4812;0,673640347;;;
-0,4449;0,4860;0,658859113;;;
-0,4681;0,4791;0,669771671;;;
-0,4442;0,4708;0,647247134;;;
-0,4615;0,5066;0,685268853;;;
-0,4437;0,4515;0,633056862;;;
-0,4546;0,4861;0,6655449;;;
-0,4900;0,4670;0,676843607;;;
-0,4514;0,4921;0,667772935;;;
-0,4884;0,4715;0,678831306;;;
-0,4461;0,4630;0,642952201;;;
-0,4692;0,4860;0,67557539;;;
-0,4365;0,4555;0,630883717;;;
-0,4623;0,4801;0,66650635;;;
-0,4672;0,4646;0,658877368;;;
-0,4488;0,4867;0,662032313;;;
-0,4789;0,4781;0,676736066;;;
-0,4353;0,4829;0,650152203;;;
-0,4602;0,4859;0,669197707;;;
-0,4366;0,4618;0,635531382;;;
-0,4556;0,4786;0,660759032;;;
-0,4353;0,4339;0,614623287;;;
-0,4598;0,4879;0,670361548;;;
-0,4533;0,4581;0,644497267;;;
-0,4501;0,4710;0,651491696;;;
-0,4886;0,4473;0,662435355;;;
-0,4338;0,4947;0,658006428;;;
-0,4829;0,4718;0,675108513;;;
-0,4382;0,4596;0,635013536;;;
-0,4605;0,4704;0,658261714;;;
-0,4518;0,4439;0,633377748;;;
-0,4400;0,4795;0,650784826;;;
-0,4680;0,4563;0,653621572;;;
-0,4340;0,4607;0,632964405;;;
-0,4779;0,4727;0,672180066;;;
-0,4401;0,4467;0,627088375;;;
-0,4603;0,4742;0,660805858;;;
-0,4590;0,4551;0,646373491;;;
-0,4554;0,4577;0,645694497;;;
-0,4695;0,4319;0,637886384;;;
-0,4441;0,4833;0,656348589;;;
-0,4677;0,4571;0,653967096;;;
-0,4490;0,4549;0,639179979;;;
-0,4792;0,4550;0,660848095;;;
-0,4452;0,4279;0,617526565;;;
-0,4541;0,4799;0,660626265;;;
-0,4485;0,4300;0,621334377;;;
-0,4432;0,4543;0,634678729;;;
-0,4802;0,4330;0,646641732;;;
-0,4464;0,4506;0,634231035;;;
-0,4701;0,4529;0,652740399;;;
-0,4344;0,4559;0,629726732;;;
-0,4605;0,4602;0,650970267;;;
-0,4498;0,4406;0,629643067;;;
-0,4488;0,4706;0,650295102;;;
-0,4387;0,4337;0,61690084;;;
-0,4511;0,4534;0,639607345;;;
-0,4686;0,4214;0,630231487;;;
-0,4524;0,4437;0,633649944;;;
-0,4813;0,4419;0,653397736;;;
-0,4453;0,4271;0,617013629;;;
-0,4560;0,4690;0,654100682;;;
-0,4404;0,4302;0,615623922;;;
-0,4433;0,4678;0,644492471;;;
-0,4694;0,4156;0,626915467;;;
-0,4280;0,4480;0,619591381;;;
-0,4776;0,4445;0,652395814;;;
-0,4380;0,4315;0,614818528;;;
-0,4691;0,4477;0,648404565;;;
-0,4433;0,4189;0,609873514;;;
-0,4441;0,4360;0,622286709;;;
-0,4579;0,4209;0,621944534;;;
-0,4346;0,4543;0,628728885;;;
-0,4744;0,4321;0,641649926;;;
-0,4422;0,4267;0,614517082;;;
-0,4719;0,4386;0,644257007;;;
-0,4493;0,4164;0,612641926;;;
-0,4605;0,4465;0,641420439;;;
-0,4518;0,4207;0,617388893;;;
-0,4463;0,4311;0,620479585;;;
-0,4746;0,4198;0,633581855;;;
-0,4439;0,4390;0,624294004;;;
-0,4675;0,4248;0,631648034;;;
-0,4301;0,4175;0,599406087;;;
-0,4530;0,4455;0,635362395;;;
-0,4560;0,4184;0,618863967;;;
-0,4491;0,4466;0,633405866;;;
-0,4529;0,4005;0,604560862;;;
-0,4228;0,4424;0,611989072;;;
-0,4751;0,4243;0,637038481;;;
-0,4267;0,4306;0,60626227;;;
-0,4724;0,4123;0,626986741;;;
-0,4459;0,4097;0,605558626;;;
-0,4706;0,4487;0,650221269;;;
-0,4507;0,3941;0,59875265;;;
-0,4474;0,4381;0,626219109;;;
-0,4610;0,4013;0,611165842;;;
-0,4365;0,4153;0,602477451;;;
-0,4684;0,4266;0,633569903;;;
-0,4361;0,4121;0,600024749;;;
-0,4932;0,4083;0,640260913;;;
-0,4425;0,4037;0,598956514;;;
-0,4450;0,4386;0,624856535;;;
-0,4745;0,4042;0,623275467;;;
-0,4522;0,4425;0,63268741;;;
-0,4669;0,3979;0,613456217;;;
-0,4505;0,4173;0,614078598;;;
-0,4691;0,4063;0,620567938;;;
-0,4392;0,3956;0,591050296;;;
-0,4577;0,4245;0,624217942;;;
-0,4525;0,3880;0,596118505;;;
-0,4441;0,4268;0,615941166;;;
-0,4528;0,3947;0,600708726;;;
-0,4388;0,4197;0,607181602;;;
-0,4759;0,4107;0,628608371;;;
-0,4514;0,3936;0,598881561;;;
-0,4571;0,4260;0,62479275;;;
-0,4521;0,3858;0,594322809;;;
-0,4546;0,4137;0,614664215;;;
-0,4556;0,3923;0,601259241;;;
-0,4432;0,4156;0,607538237;;;
-0,4695;0,3906;0,610772786;;;
-0,4407;0,4071;0,599911818;;;
-0,4807;0,4002;0,62550723;;;
-0,4368;0,3894;0,58519178;;;
-0,4719;0,4096;0,624872673;;;
-0,4551;0,3852;0,596245164;;;
-0,4494;0,4152;0,611894602;;;
-0,4717;0,3775;0,604121368;;;
-0,4468;0,4090;0,605735242;;;
-0,4955;0,3960;0,634290411;;;
-0,4355;0,3990;0,590658761;;;
-0,4692;0,4181;0,628488245;;;
-0,4447;0,3722;0,579911405;;;
-0,4647;0,4046;0,61619458;;;
-0,4571;0,3803;0,594642277;;;
-0,4439;0,4076;0,602671432;;;
-0,4687;0,3868;0,607670833;;;
-0,4380;0,4023;0,594670742;;;
-0,4666;0,3944;0,610985478;;;
-0,4317;0,3868;0,579669272;;;
-0,4635;0,3964;0,609895676;;;
-0,4647;0,3921;0,608023259;;;
-0,4449;0,3959;0,595533594;;;
-0,4533;0,3819;0,592691878;;;
-0,4505;0,4034;0,604755404;;;
-0,4671;0,3728;0,597699733;;;
-0,4402;0,3935;0,590461136;;;
-0,4711;0,4027;0,61970498;;;
-0,4374;0,3769;0,577385488;;;
-0,4564;0,4010;0,6075719;;;
-0,4533;0,3672;0,583403134;;;
-0,4528;0,4067;0,60866179;;;
-0,4644;0,3798;0,599951739;;;
-0,4290;0,3898;0,579642265;;;
-0,4574;0,3746;0,591209584;;;
-0,4503;0,3762;0,586787914;;;
-0,4564;0,3816;0,594875253;;;
-0,4435;0,3666;0,575440639;;;
-0,4525;0,4000;0,603932183;;;
-0,4771;0,3624;0,599157846;;;
-0,4433;0,3980;0,595689006;;;
-0,4667;0,3823;0,603308652;;;
-0,4323;0,3821;0,57698886;;;
-0,4765;0,3777;0,608068247;;;
-0,4541;0,3688;0,585041414;;;
-0,4496;0,3913;0,596046642;;;
-0,4549;0,3684;0,585343085;;;
-0,4532;0,3913;0,598739963;;;
-0,4618;0,3591;0,585002235;;;
-0,4375;0,3918;0,587249234;;;
-0,4632;0,3699;0,592729945;;;
-0,4410;0,3664;0,573376649;;;
-0,4596;0,3835;0,598581295;;;
-0,4542;0,3536;0,575572144;;;
-0,4469;0,3943;0,59596651;;;
-0,4451;0,3515;0,567207724;;;
-0,4632;0,3705;0,59310858;;;
-0,4675;0,3628;0,59177342;;;
-0,4389;0,3808;0,581079682;;;
-0,4689;0,3733;0,599361924;;;
-0,4503;0,3583;0,575411372;;;
-0,4542;0,3808;0,592695335;;;
-0,4466;0,3418;0,562380292;;;
-0,4494;0,3734;0,584302212;;;
-0,4618;0,3533;0,581440948;;;
-0,4389;0,3839;0,583045236;;;
-0,4739;0,3678;0,599874506;;;
-0,4319;0,3651;0,565522821;;;
-0,4689;0,3676;0,59575829;;;
-0,4499;0,3590;0,575565251;;;
-0,4496;0,3726;0,583922561;;;
-0,4564;0,3550;0,578199866;;;
-0,4400;0,3655;0,57197749;;;
-0,4630;0,3638;0,588813244;;;
-0,4360;0,3664;0,569533336;;;
-0,4708;0,3587;0,591902224;;;
-0,4429;0,3476;0,562989692;;;
-0,4522;0,3703;0,584467334;;;
-0,4569;0,3345;0,566216683;;;
-0,4452;0,3815;0,586302946;;;
-0,4741;0,3389;0,582746796;;;
-0,4377;0,3645;0,569609528;;;
-0,4650;0,3513;0,582753907;;;
-0,4444;0,3553;0,569030325;;;
-0,4411;0,3687;0,574844721;;;
-0,4609;0,3408;0,573219145;;;
-0,4691;0,3674;0,595813608;;;
-0,4609;0,3443;0,575254081;;;
-0,4542;0,3521;0,57466664;;;
-0,4711;0,3426;0,582520863;;;
-0,4175;0,3539;0,547348486;;;
-0,4587;0,3646;0,585920427;;;
-0,4440;0,3444;0,561905474;;;
-0,4635;0,3660;0,590599644;;;
-0,4586;0,3349;0,567838467;;;
-0,4432;0,3742;0,580014543;;;
-0,4716;0,3449;0,584262829;;;
-0,4434;0,3606;0,57150688;;;
-0,4801;0,3412;0,58901048;;;
-0,4347;0,3366;0,549805385;;;
-0,4572;0,3594;0,581546635;;;
-0,4469;0,3351;0,558557038;;;
-0,4651;0,3693;0,593842561;;;
-0,4682;0,3325;0,574213073;;;
-0,4516;0,3676;0,582331896;;;
-0,4655;0,3321;0,571883595;;;
-0,4315;0,3540;0,558095864;;;
-0,4644;0,3418;0,576581166;;;
-0,4456;0,3288;0,553726611;;;
-0,4706;0,3661;0,596218033;;;
-0,4438;0,3247;0,549906868;;;
-0,4442;0,3493;0,565139006;;;
-0,4698;0,3206;0,568729753;;;
-0,4395;0,3500;0,56182098;;;
-0,4700;0,3287;0,573541614;;;
-0,4343;0,3352;0,548619638;;;
-0,4798;0,3445;0,590638557;;;
-0,4380;0,3221;0,54370344;;;
-0,4502;0,3550;0,573314961;;;
-0,4526;0,3226;0,555851588;;;
-0,4410;0,3542;0,565607564;;;
-0,4681;0,3212;0,56768391;;;
-0,4346;0,3344;0,548368739;;;
-0,4726;0,3393;0,581790298;;;
-0,4398;0,3296;0,549608524;;;
-0,4766;0,3541;0,593719894;;;
-0,4448;0,3049;0,539250762;;;
-0,4458;0,3487;0,565977524;;;
-0,4599;0,3152;0,557585079;;;
-0,4374;0,3435;0,556162604;;;
-0,4723;0,3194;0,570219708;;;
-0,4445;0,3284;0,552642913;;;
-0,4710;0,3353;0,578161783;;;
-0,4476;0,3228;0,551887821;;;
-0,4542;0,3428;0,569035691;;;
-0,4571;0,3097;0,552106309;;;
-0,4459;0,3395;0,560412415;;;
-0,4691;0,3194;0,567533046;;;
-0,4312;0,3385;0,548196257;;;
-0,4733;0,3283;0,57603585;;;
-0,4371;0,3163;0,539499295;;;
-0,4600;0,3353;0,569238882;;;
-0,4403;0,3099;0,538459996;;;
-0,4501;0,3497;0,569975274;;;
-0,4584;0,2993;0,547455992;;;
-0,4401;0,3345;0,552746817;;;
-0,4712;0,3277;0,573947469;;;
-0,4382;0,3351;0,551631386;;;
-0,4689;0,3320;0,574520837;;;
-0,4439;0,3037;0,537861471;;;
-0,4541;0,3378;0,565974;;;
-0,4485;0,3005;0,539870461;;;
-0,4392;0,3414;0,556294378;;;
-0,4617;0,3142;0,558475319;;;
-0,4420;0,3276;0,550163873;;;
-0,4638;0,3174;0,562031806;;;
-0,4415;0,3177;0,543898795;;;
-0,4694;0,3251;0,57098405;;;
-0,4523;0,2956;0,540323264;;;
-0,4495;0,3345;0,560263161;;;
-0,4594;0,2938;0,545287257;;;
-0,4433;0,3173;0,545149116;;;
-0,4707;0,3085;0,562785952;;;
-0,4361;0,3140;0,537380901;;;
-0,4700;0,3240;0,570829282;;;
-0,4396;0,3048;0,534947519;;;
-0,4597;0,3191;0,559622435;;;
-0,4477;0,2969;0,537183065;;;
-0,4411;0,3337;0,553042523;;;
-0,4695;0,3004;0,557415069;;;
-0,4360;0,3132;0,536862462;;;
-0,4675;0,3160;0,564288902;;;
-0,4353;0,3042;0,53107541;;;
-0,4656;0,3249;0,567797767;;;
-0,4401;0,2948;0,529744127;;;
-0,4490;0,3377;0,561778823;;;
-0,4597;0,2858;0,541281483;;;
-0,4419;0,3197;0,545389336;;;
-0,4713;0,2991;0,558225598;;;
-0,4293;0,3084;0,528566674;;;
-0,4666;0,3104;0,560428809;;;
-0,4356;0,2929;0,524961512;;;
-0,4662;0,3237;0,567562504;;;
-0,4518;0,2839;0,533559724;;;
-0,4448;0,3237;0,550100386;;;
-0,4638;0,2837;0,543634124;;;
-0,4310;0,3103;0,531110204;;;
-0,4749;0,3121;0,568323914;;;
-0,4315;0,2964;0,523475624;;;
-0,4696;0,3201;0,568310885;;;
-0,4394;0,2835;0,522982213;;;
-0,4484;0,3240;0,553237879;;;
-0,4590;0,2863;0,540975703;;;
-0,4395;0,3150;0,540782714;;;
-0,4736;0,2939;0,557375578;;;
-0,4245;0,2948;0,516860172;;;
-0,4677;0,3080;0,559956955;;;
-0,4362;0,2859;0,521553215;;;
-0,4587;0,3158;0,556902307;;;
-0,4514;0,2783;0,530290926;;;
-0,4456;0,3192;0,548144084;;;
-0,4656;0,2854;0,546125879;;;
-0,4330;0,3044;0,529288015;;;
-0,4722;0,2950;0,556791295;;;
-0,4320;0,2909;0,520783808;;;
-0,4663;0,3071;0,558363317;;;
-0,4374;0,2814;0,520077938;;;
-0,4527;0,3163;0,55229128;;;
-0,4595;0,2781;0,537045902;;;
-0,4367;0,3037;0,531947527;;;
-0,4694;0,2809;0,547049063;;;
-0,4303;0,2947;0,521561459;;;
-0,4683;0,2967;0,554398814;;;
-0,4404;0,2871;0,525694891;;;
-0,4623;0,3067;0,554756886;;;
-0,4448;0,2673;0,518903771;;;
-0,4453;0,3125;0,544065807;;;
-0,4626;0,2664;0,533846654;;;
-0,4344;0,2938;0,524473277;;;
-0,4724;0,2884;0,553516167;;;
-0,4310;0,2841;0,516182814;;;
-0,4728;0,2987;0,559309534;;;
-0,4442;0,2728;0,521254558;;;
-0,4577;0,3070;0,551154962;;;
-0,4527;0,2700;0,527133361;;;
-0,4437;0,3000;0,535625881;;;
-0,4693;0,2779;0,545420578;;;
-0,4353;0,2860;0,520900966;;;
-0,4677;0,2912;0,550939033;;;
-0,4337;0,2685;0,510124876;;;
-0,4613;0,2967;0,548444766;;;
-0,4470;0,2623;0,518290354;;;
-0,4514;0,3022;0,543259638;;;
-0,4629;0,2731;0,537456746;;;
-0,4349;0,2888;0,521992258;;;
-0,4712;0,2786;0,547350951;;;
-0,4329;0,2761;0,513399831;;;
-0,4672;0,2946;0,552326593;;;
-0,4412;0,2611;0,512674034;;;
-0,4554;0,2967;0,543541671;;;
-0,4531;0,2579;0,521349369;;;
-0,4415;0,2895;0,527955328;;;
-0,4711;0,2682;0,54204301;;;
-0,4311;0,2810;0,514566149;;;
-0,4681;0,2828;0,54692261;;;
-0,4354;0,2670;0,510730883;;;
-0,4558;0,2908;0,540684282;;;
-0,4494;0,2554;0,516953446;;;
-0,4521;0,2954;0,540064637;;;
-0,4602;0,2597;0,528417949;;;
-0,4386;0,2842;0,522603883;;;
-0,4668;0,2691;0,538798908;;;
-0,4341;0,2706;0,511573298;;;
-0,4667;0,2835;0,546013365;;;
-0,4394;0,2577;0,509440045;;;
-0,4557;0,2879;0,539035175;;;
-0,4544;0,2500;0,518639738;;;
-0,4464;0,2851;0,529664744;;;
-0,4673;0,2572;0,533424292;;;
-0,4345;0,2750;0,51425607;;;
-0,4722;0,2744;0,546154686;;;
-0,4358;0,2621;0,508560602;;;
-0,4608;0,2839;0,541246316;;;
-0,4502;0,2506;0,51529217;;;
-0,4474;0,2831;0,529496764;;;
-0,4631;0,2538;0,52804619;;;
-0,4375;0,2748;0,516681066;;;
-0,4685;0,2640;0,537758794;;;
-0,4339;0,2639;0,507876371;;;
-0,4684;0,2762;0,543777299;;;
-0,4400;0,2519;0,507008929;;;
-0,4607;0,2846;0,541503381;;;
-0,4538;0,2451;0,515749941;;;
-0,4420;0,2828;0,52470803;;;
-0,4673;0,2508;0,530383228;;;
-0,4295;0,2689;0,506710959;;;
-0,4689;0,2654;0,538753445;;;
-0,4312;0,2540;0,500498641;;;
-0,4618;0,2761;0,538022707;;;
-0,4452;0,2453;0,508309134;;;
-0,4486;0,2794;0,528528231;;;
-0,4599;0,2403;0,518864559;;;
-0,4370;0,2735;0,515557249;;;
-0,4668;0,2539;0,531362285;;;
-0,4309;0,2574;0,501949895;;;
-0,4675;0,2686;0,539188677;;;
-0,4387;0,2441;0,502038094;;;
-0,4584;0,2742;0,534162131;;;
-0,4498;0,2369;0,508380021;;;
-0,4434;0,2739;0,521226605;;;
-0,4648;0,2429;0,524416715;;;
-0,4349;0,2618;0,507625057;;;
-0,4705;0,2572;0,536219764;;;
-0,4320;0,2451;0,496667762;;;
-0,4634;0,2693;0,535980628;;;
-0,4453;0,2364;0,504212794;;;
-0,4513;0,2748;0,528376586;;;
-0,4585;0,2370;0,516111312;;;
-0,4372;0,2662;0,511898751;;;
-0,4682;0,2446;0,528256;;;
-0,4301;0,2518;0,498381466;;;
-0,4674;0,2599;0,534791653;;;
-0,4365;0,2367;0,496525491;;;
-0,4586;0,2697;0,532066548;;;
-0,4521;0,2313;0,507824561;;;
-0,4431;0,2701;0,518915247;;;
-0,4673;0,2366;0,523807165;;;
-0,4322;0,2583;0,503502228;;;
-0,4706;0,2479;0,531889725;;;
-0,4323;0,2404;0,494633752;;;
-0,4637;0,2625;0,532835651;;;
-0,4425;0,2288;0,498130616;;;
-0,4504;0,2674;0,523773432;;;
-0,4605;0,2272;0,513479994;;;
-0,4377;0,2611;0,509657718;;;
-0,4669;0,2386;0,524347;;;
-0,4322;0,2463;0,497429226;;;
-0,4709;0,2526;0,534377312;;;
-0,4367;0,2307;0,493833327;;;
-0,4592;0,2626;0,528962308;;;
-0,4502;0,2240;0,502797922;;;
-0,4442;0,2646;0,517017601;;;
-0,4641;0,2263;0,516343181;;;
-0,4327;0,2524;0,500918807;;;
-0,4725;0,2424;0,531096402;;;
-0,4319;0,2374;0,492851454;;;
-0,4662;0,2549;0,531318185;;;
-0,4428;0,2228;0,495755758;;;
-0,4529;0,2618;0,523104636;;;
-0,4564;0,2216;0,507343007;;;
-0,4381;0,2557;0,507278381;;;
-0,4694;0,2304;0,522884709;;;
-0,4308;0,2404;0,493311734;;;
-0,4710;0,2450;0,53089066;;;
-0,4366;0,2245;0,490937076;;;
-0,4604;0,2566;0,527062971;;;
-0,4479;0,2162;0,497377187;;;
-0,4442;0,2563;0,512822683;;;
-0,4646;0,2204;0,514250701;;;
-0,4329;0,2451;0,497467619;;;
-0,4724;0,2338;0,5270915;;;
-0,4311;0,2300;0,488586168;;;
-0,4666;0,2478;0,528315142;;;
-0,4404;0,2163;0,490668229;;;
-0,4534;0,2548;0,520108595;;;
-0,4570;0,2141;0,504661457;;;
-0,4382;0,2496;0,504312586;;;
-0,4693;0,2226;0,519394653;;;
-0,4296;0,2360;0,490121879;;;
-0,4713;0,2381;0,528021119;;;
-0,4347;0,2189;0,48667516;;;
-0,4614;0,2498;0,524699754;;;
-0,4483;0,2100;0,495027536;;;
-0,4464;0,2505;0,511841329;;;
-0,4635;0,2134;0,510253943;;;
-0,4330;0,2402;0,495183586;;;
-0,4721;0,2260;0,523389613;;;
-0,4303;0,2242;0,485227133;;;
-0,4686;0,2410;0,526921371;;;
-0,4392;0,2101;0,486872011;;;
-0,4547;0,2481;0,517997754;;;
-0,4557;0,2073;0,500596483;;;
-0,4383;0,2445;0,501879245;;;
-0,4684;0,2146;0,515221748;;;
-0,4294;0,2299;0,487070245;;;
-0,4720;0,2299;0,525037035;;;
-0,4334;0,2128;0,482830183;;;
-0,4630;0,2430;0,522852913;;;
-0,4470;0,2037;0,491201894;;;
-0,4468;0,2456;0,509877222;;;
-0,4639;0,2060;0,507615184;;;
-0,4326;0,2356;0,492645234;;;
-0,4717;0,2182;0,519766832;;;
-0,4300;0,2190;0,482558322;;;
-0,4689;0,2337;0,523938897;;;
-0,4391;0,2039;0,484122151;;;
-0,4558;0,2425;0,516278828;;;
-0,4542;0,1998;0,496205983;;;
-0,4396;0,2389;0,500275611;;;
-0,4685;0,2081;0,512619749;;;
-0,4290;0,2247;0,484290918;;;
-0,4726;0,2230;0,522582079;;;
-0,4319;0,2076;0,479209892;;;
-0,4635;0,2369;0,520524083;;;
-0,4454;0,1970;0,487007332;;;
-0,4475;0,2398;0,507694029;;;
-0,4619;0,1992;0,50299522;;;
-0,4329;0,2302;0,490330435;;;
-0,4711;0,2112;0,516253522;;;
-0,4291;0,2127;0,47895348;;;
-0,4701;0,2270;0,52206053;;;
-0,4370;0,1971;0,479361301;;;
-0,4566;0,2369;0,514345318;;;
-0,4539;0,1923;0,492936383;;;
-0,4400;0,2336;0,498209639;;;
-0,4687;0,1996;0,509445759;;;
-0,4291;0,2198;0,482093736;;;
-0,4732;0,2167;0,520447504;;;
-0,4309;0,2020;0,475848234;;;
-0,4648;0,2301;0,518590661;;;
-0,4453;0,1909;0,484473875;;;
-0,4489;0,2340;0,506222254;;;
-0,4609;0,1909;0,498887241;;;
-0,4328;0,2259;0,48821074;;;
-0,4729;0,2036;0,51487622;;;
-0,4281;0,2081;0,476026603;;;
-0,4699;0,2205;0,519028503;;;
-0,4357;0,1929;0,476460393;;;
-0,4581;0,2306;0,512852219;;;
-0,4522;0,1865;0,489111176;;;
-0,4404;0,2286;0,496188376;;;
-0,4680;0,1932;0,506310353;;;
-0,4291;0,2145;0,479718292;;;
-0,4740;0,2093;0,518110845;;;
-0,4298;0,1955;0,472152756;;;
-0,4659;0,2242;0,517023207;;;
-0,4432;0,1827;0,479390148;;;
-0,4502;0,2293;0,505189761;;;
-0,4605;0,1835;0,495742971;;;
-0,4330;0,2203;0,485775672;;;
-0,4716;0,1963;0,51082353;;;
-0,4276;0,2052;0,474313973;;;
-0,4721;0,2131;0,517930359;;;
-0,4353;0,1853;0,473113337;;;
-0,4582;0,2249;0,510383238;;;
-0,4512;0,1797;0,485667429;;;
-0,4409;0,2241;0,494575632;;;
-0,4673;0,1875;0,503544861;;;
-0,4281;0,2101;0,476829632;;;
-0,4744;0,2016;0,515479782;;;
-0,4290;0,1902;0,469240416;;;
-0,4673;0,2167;0,515136181;;;
-0,4412;0,1790;0,476144931;;;
-0,4506;0,2234;0,502987143;;;
-0,4595;0,1770;0,492427933;;;
-0,4337;0,2158;0,484448006;;;
-0,4727;0,1891;0,509093434;;;
-0,4258;0,1980;0,469560179;;;
-0,4726;0,2064;0,515666232;;;
-0,4332;0,1807;0,469396318;;;
-0,4592;0,2203;0,509326974;;;
-0,4508;0,1726;0,482691838;;;
-0,4412;0,2175;0,491918754;;;
-0,4673;0,1784;0,500226822;;;
-0,4280;0,2055;0,474779736;;;
-0,4739;0,1944;0,512221487;;;
-0,4286;0,1866;0,467422913;;;
-0,4676;0,2103;0,512698171;;;
-0,4391;0,1731;0,471968228;;;
-0,4510;0,2182;0,501056521;;;
-0,4594;0,1707;0,490095582;;;
-0,4343;0,2106;0,482642978;;;
-0,4721;0,1816;0,505792879;;;
-0,4263;0,1939;0,468308989;;;
-0,4738;0,2010;0,51467493;;;
-0,4310;0,1755;0,465311941;;;
-0,4611;0,2132;0,508014644;;;
-0,4487;0,1669;0,478762255;;;
-0,4414;0,2143;0,490667232;;;
-0,4655;0,1719;0,496245269;;;
-0,4290;0,2006;0,473638768;;;
-0,4744;0,1877;0,510214168;;;
-0,4257;0,1810;0,462583667;;;
-0,4698;0,2044;0,512282898;;;
-0,4396;0,1669;0,470229422;;;
-0,4528;0,2131;0,500481988;;;
-0,4566;0,1648;0,485465117;;;
-0,4348;0,2077;0,481901033;;;
-0,4718;0,1743;0,502905472;;;
-0,4256;0,1902;0,466154775;;;
-0,4753;0,1924;0,512753024;;;
-0,4313;0,1694;0,463382061;;;
-0,4627;0,2065;0,506711402;;;
-0,4477;0,1608;0,475692121;;;
-0,4430;0,2094;0,489979744;;;
-0,4651;0,1643;0,493234855;;;
-0,4282;0,1974;0,471504174;;;
-0,4750;0,1804;0,50807329;;;
-0,4256;0,1764;0,460672388;;;
-0,4690;0,1974;0,508805509;;;
-0,4369;0,1590;0,464933389;;;
-0,4543;0,2067;0,499124891;;;
-0,4567;0,1567;0,482786638;;;
-0,4352;0,2006;0,479205938;;;
-0,4717;0,1681;0,500778587;;;
-0,4260;0,1845;0,464240355;;;
-0,4762;0,1871;0,511632705;;;
-0,4295;0,1629;0,459307;;;
-0,4649;0,2015;0,506652161;;;
-0,4463;0,1528;0,471737108;;;
-0,4442;0,2036;0,488636696;;;
-0,4643;0,1565;0,489929444;;;
-0,4286;0,1903;0,46893017;;;
-0,4755;0,1738;0,506301309;;;
-0,4251;0,1721;0,458579582;;;
-0,4712;0,1927;0,509102238;;;
-0,4347;0,1538;0,461110719;;;
-0,4558;0,2016;0,498414869;;;
-0,4553;0,1508;0,479601337;;;
-0,4359;0,1974;0,478509412;;;
-0,4728;0,1598;0,499092896;;;
-0,4235;0,1820;0,460985386;;;
-0,4752;0,1815;0,508669233;;;
-0,4284;0,1610;0,457639732;;;
-0,4648;0,1968;0,504788687;;;
-0,4434;0,1485;0,467649756;;;
-0,4447;0,1982;0,486873332;;;
-0,4643;0,1520;0,488596109;;;
-0,4265;0,1890;0,466456328;;;
-0,4773;0,1665;0,505516876;;;
-0,4236;0,1676;0,455554477;;;
-0,4730;0,1866;0,508419658;;;
-0,4331;0,1481;0,457760287;;;
-0,4562;0,1972;0,497018956;;;
-0,4541;0,1434;0,476166596;;;
-0,4359;0,1930;0,476672938;;;
-0,4722;0,1536;0,496522164;;;
-0,4240;0,1763;0,459192183;;;
-0,4766;0,1738;0,507293686;;;
-0,4240;0,1549;0,45137182;;;
-0,4673;0,1903;0,504573805;;;
-0,4425;0,1420;0,464674442;;;
-0,4442;0,1942;0,484751831;;;
-0,4644;0,1449;0,486461754;;;
-0,4269;0,1844;0,464980598;;;
-0,4766;0,1592;0,502497523;;;
-0,4220;0,1637;0,452621349;;;
-0,4739;0,1797;0,506825921;;;
-0,4301;0,1441;0,453618732;;;
-0,4587;0,1929;0,497622552;;;
-0,4540;0,1373;0,474359919;;;
-0,4377;0,1908;0,477426385;;;
-0,4720;0,1456;0,493923164;;;
-0,4235;0,1728;0,457393666;;;
-0,4789;0,1678;0,50747936;;;
-0,4236;0,1520;0,450065008;;;
-0,4680;0,1851;0,503294759;;;
-0,4408;0,1354;0,461149141;;;
-0,4482;0,1901;0,486889779;;;
-0,4621;0,1369;0,481950468;;;
-0,4281;0,1799;0,464328853;;;
-0,4779;0,1514;0,501299724;;;
-0,4204;0,1585;0,449312522;;;
-0,4759;0,1741;0,506769892;;;
-0,4287;0,1388;0,450610779;;;
-0,4595;0,1877;0,496341917;;;
-0,4525;0,1308;0,471005324;;;
-0,4370;0,1859;0,474929075;;;
-0,4707;0,1389;0,490777209;;;
-0,4210;0,1695;0,45384433;;;
-0,4804;0,1598;0,506252343;;;
-0,4234;0,1457;0,447747255;;;
-0,4695;0,1793;0,502624247;;;
-0,4387;0,1295;0,457428854;;;
-0,4487;0,1871;0,486102361;;;
-0,4615;0,1291;0,479177563;;;
-0,4276;0,1782;0,463237142;;;
-0,4773;0,1468;0,499371657;;;
-0,4209;0,1555;0,448729314;;;
-0,4776;0,1668;0,50583272;;;
-0,4287;0,1334;0,449014591;;;
-0,4603;0,1831;0,495350747;;;
-0,4503;0,1232;0,466820866;;;
-0,4379;0,1831;0,474606954;;;
-0,4716;0,1331;0,49001457;;;
-0,4219;0,1652;0,45313293;;;
-0,4802;0,1543;0,504403797;;;
-0,4215;0,1418;0,444670954;;;
-0,4710;0,1757;0,50270023;;;
-0,4368;0,1247;0,454259369;;;
-0,4505;0,1827;0,486173918;;;
-0,4609;0,1243;0,477366237;;;
-0,4277;0,1739;0,461683503;;;
-0,4775;0,1386;0,497188482;;;
-0,4175;0,1529;0,444571816;;;
-0,4791;0,1616;0,505619414;;;
-0,4272;0,1292;0,446329245;;;
-0,4630;0,1787;0,496267114;;;
-0,4482;0,1186;0,463566283;;;
-0,4381;0,1798;0,473557984;;;
-0,4721;0,1256;0,488506448;;;
-0,4197;0,1622;0,449965983;;;
-0,4814;0,1469;0,503308592;;;
-0,4193;0,1373;0,441211671;;;
-0,4738;0,1689;0,503016061;;;
-0,4364;0,1183;0,452154598;;;
-0,4508;0,1814;0,485957514;;;
-0,4589;0,1167;0,473472765;;;
-0,4283;0,1714;0,461370586;;;
-0,4781;0,1329;0,496185948;;;
-0,4172;0,1494;0,443153741;;;
-0,4809;0,1553;0,505342196;;;
-0,4245;0,1239;0,442154698;;;
-0,4645;0,1741;0,496048494;;;
-0,4466;0,1120;0,4604753;;;
-0,4401;0,1769;0,474278227;;;
-0,4705;0,1184;0,48516474;;;
-0,4201;0,1603;0,449632669;;;
-0,4825;0,1413;0,502739261;;;
-0,4174;0,1335;0,438225872;;;
-0,4759;0,1641;0,503343776;;;
-0,4342;0,1125;0,448577918;;;
-0,4529;0,1756;0,485747452;;;
-0,4582;0,1094;0,471037014;;;
-0,4277;0,1680;0,459502724;;;
-0,4790;0,1247;0,495004514;;;
-0,4150;0,1452;0,439688184;;;
-0,4825;0,1512;0,505663186;;;
-0,4225;0,1191;0,439008055;;;
-0,4665;0,1698;0,496472056;;;
-0,4440;0,1049;0,456201428;;;
-0,4407;0,1735;0,473581158;;;
-0,4700;0,1116;0,483096455;;;
-0,4191;0,1571;0,447536297;;;
-0,4831;0,1332;0,501125393;;;
-0,4155;0,1304;0,435517148;;;
-0,4770;0,1580;0,502478166;;;
-0,4305;0,1069;0,443590149;;;
-0,4543;0,1722;0,485842993;;;
-0,4571;0,1028;0,468542769;;;
-0,4285;0,1656;0,459398069;;;
-0,4800;0,1193;0,494597992;;;
-0,4134;0,1427;0,437355532;;;
-0,4830;0,1442;0,504024074;;;
-0,4202;0,1161;0,435966245;;;
-0,4686;0,1653;0,496913471;;;
-0,4429;0,0996;0,453956313;;;
-0,4408;0,1701;0,472474267;;;
-0,4702;0,1048;0,481773539;;;
-0,4185;0,1541;0,445988989;;;
-0,4844;0,1274;0,500838279;;;
-0,4133;0,1264;0,432225907;;;
-0,4802;0,1538;0,504226273;;;
-0,4279;0,1031;0,440190814;;;
-0,4566;0,1698;0,48713029;;;
-0,4555;0,0957;0,465438809;;;
-0,4290;0,1636;0,459138219;;;
-0,4796;0,1119;0,492523007;;;
-0,4124;0,1391;0,435244299;;;
-0,4859;0,1382;0,505141993;;;
-0,4174;0,1111;0,431954729;;;
-0,4707;0,1619;0,497742639;;;
-0,4400;0,0941;0,449982591;;;
-0,4422;0,1675;0,472851382;;;
-0,4685;0,0982;0,47872712;;;
-0,4175;0,1526;0,444485956;;;
-0,4854;0,1212;0,500299838;;;
-0,4104;0,1234;0,428577814;;;
-0,4816;0,1493;0,504222214;;;
-0,4248;0,0976;0,435889906;;;
-0,4584;0,1662;0,487588764;;;
-0,4540;0,0902;0,462843048;;;
-0,4292;0,1619;0,458673846;;;
-0,4790;0,1039;0,490099131;;;
-0,4108;0,1375;0,433151105;;;
-0,4881;0,1333;0,505927962;;;
-0,4142;0,1071;0,427793563;;;
-0,4729;0,1583;0,498664614;;;
-0,4379;0,0886;0,446782455;;;
-0,4435;0,1662;0,47362362;;;
-0,4681;0,0907;0,47685141;;;
-0,4170;0,1511;0,443541133;;;
-0,4874;0,1143;0,500603832;;;
-0,4080;0,1212;0,425607585;;;
-0,4843;0,1445;0,505393662;;;
-0,4223;0,0933;0,432511574;;;
-0,4608;0,1639;0,489053017;;;
-0,4526;0,0834;0,460257607;;;
-0,4295;0,1604;0,458480459;;;
-0,4808;0,0971;0,49052542;;;
-0,4092;0,1366;0,431384544;;;
-0,4900;0,1269;0,506120536;;;
-0,4110;0,1042;0,423960033;;;
-0,4755;0,1544;0,499953789;;;
-0,4351;0,0826;0,442878259;;;
-0,4457;0,1644;0,475013289;;;
-0,4674;0,0839;0,474904312;;;
-0,4161;0,1494;0,44214558;;;
-0,4890;0,1078;0,500720043;;;
-0,4055;0,1190;0,422600182;;;
-0,4873;0,1397;0,506928568;;;
-0,4196;0,0889;0,428923466;;;
-0,4630;0,1619;0,490518522;;;
-0,4502;0,0770;0,456722091;;;
-0,4298;0,1599;0,458592185;;;
-0,4803;0,0904;0,488745288;;;
-0,4071;0,1347;0,428839387;;;
-0,4925;0,1207;0,507050622;;;
-0,4075;0,1012;0,419919058;;;
-0,4785;0,1513;0,501882248;;;
-0,4323;0,0771;0,43914789;;;
-0,4468;0,1636;0,475792093;;;
-0,4660;0,0771;0,47234288;;;
-0,4153;0,1495;0,441417403;;;
-0,4901;0,1014;0,500486237;;;
-0,4023;0,1170;0,418967894;;;
-0,4903;0,1350;0,508492027;;;
-0,4161;0,0843;0,424564669;;;
-0,4656;0,1595;0,492181555;;;
-0,4481;0,0704;0,453550727;;;
-0,4303;0,1595;0,458894143;;;
-0,4808;0,0829;0,487868963;;;
-0,4047;0,1342;0,426416723;;;
-0,4946;0,1155;0,507940019;;;
-0,4038;0,0980;0,415474925;;;
-0,4819;0,1483;0,504206475;;;
-0,4286;0,0718;0,434559544;;;
-0,4487;0,1629;0,477341492;;;
-0,4649;0,0698;0,470121554;;;
-0,4144;0,1496;0,440551403;;;
-0,4919;0,0944;0,50086236;;;
-0,3988;0,1158;0,415304521;;;
-0,4935;0,1310;0,5105497;;;
-0,4113;0,0802;0,419020699;;;
-0,4684;0,1582;0,494365381;;;
-0,4453;0,0640;0,44981999;;;
-0,4306;0,1600;0,459363009;;;
-0,4811;0,0758;0,487010261;;;
-0,4023;0,1344;0,424175351;;;
-0,4976;0,1096;0,509531397;;;
-0,3996;0,0958;0,410942092;;;
-0,4856;0,1457;0,507028102;;;
-0,4248;0,0662;0,429900398;;;
-0,4509;0,1630;0,479464663;;;
-0,4637;0,0627;0,467914947;;;
-0,4135;0,1507;0,440133266;;;
-0,4936;0,0877;0,501357944;;;
-0,3951;0,1152;0,411545958;;;
-0,4972;0,1269;0,51316869;;;
-0,4068;0,0766;0,413984744;;;
-0,4715;0,1574;0,497095885;;;
-0,4423;0,0574;0,446000001;;;
-0,4313;0,1613;0,460446938;;;
-0,4812;0,0685;0,48604234;;;
-0,3994;0,1354;0,421755228;;;
-0,5009;0,1042;0,51160622;;;
-0,3946;0,0941;0,405669559;;;
-0,4896;0,1438;0,510295055;;;
-0,4203;0,0610;0,4246998;;;
-0,4532;0,1640;0,481969458;;;
-0,4619;0,0554;0,465195524;;;
-0,4122;0,1527;0,439523459;;;
-0,4955;0,0809;0,50210671;;;
-0,3906;0,1155;0,407318783;;;
-0,5014;0,1232;0,516336829;;;
-0,4013;0,0735;0,408010924;;;
-0,4754;0,1576;0,500802301;;;
-0,4387;0,0508;0,441651355;;;
-0,4319;0,1638;0,461937496;;;
-0,4813;0,0611;0,485179694;;;
-0,3961;0,1374;0,419275606;;;
-0,5045;0,0987;0,514060967;;;
-0,3889;0,0930;0,39984546;;;
-0,4942;0,1422;0,514267667;;;
-0,4150;0,0560;0,41880517;;;
-0,4557;0,1662;0,485061333;;;
-0,4600;0,0480;0,462478483;;;
-0,4107;0,1560;0,439305874;;;
-0,4977;0,0741;0,503230016;;;
-0,3854;0,1168;0,402718274;;;
-0,5062;0,1198;0,520199716;;;
-0,3950;0,0706;0,401228821;;;
-0,4796;0,1586;0,5051232;;;
-0,4345;0,0442;0,43673003;;;
-0,4326;0,1678;0,464003508;;;
-0,4815;0,0533;0,484436295;;;
-0,3922;0,1408;0,416712099;;;
-0,5086;0,0934;0,51713887;;;
-0,3821;0,0929;0,393213701;;;
-0,4996;0,1416;0,519304874;;;
-0,4088;0,0512;0,412009065;;;
-0,4586;0,1697;0,488999537;;;
-0,4577;0,0403;0,459435918;;;
-0,4087;0,1609;0,439282058;;;
-0,5003;0,0671;0,504799374;;;
-0,3792;0,1193;0,397480149;;;
-0,5118;0,1170;0,524965085;;;
-0,3874;0,0683;0,393342591;;;
-0,4844;0,1611;0,51051522;;;
-0,4295;0,0375;0,431181609;;;
-0,4334;0,1735;0,466795447;;;
-0,4817;0,0454;0,483875631;;;
-0,3874;0,1460;0,414045829;;;
-0,5136;0,0884;0,52115877;;;
-0,3739;0,0938;0,385520454;;;
-0,5058;0,1421;0,525342967;;;
-0,4015;0,0467;0,404184013;;;
-0,4618;0,1753;0,493954449;;;
-0,4548;0,0323;0,455959845;;;
-0,4065;0,1683;0,439983554;;;
-0,5033;0,0600;0,506894187;;;
-0,3716;0,1238;0,391669122;;;
-0,5185;0,1149;0,531092615;;;
-0,3781;0,0668;0,383983595;;;
-0,4903;0,1654;0,517426328;;;
-0,4233;0,0307;0,424383085;;;
-0,4340;0,1819;0,470565018;;;
-0,4816;0,0372;0,483077893;;;
-0,3815;0,1535;0,41123825;;;
-0,5193;0,0834;0,52595108;;;
-0,3637;0,0962;0,376216782;;;
-0,5134;0,1440;0,53321846;;;
-0,3921;0,0421;0,394327024;;;
-0,4658;0,1837;0,500658284;;;
-0,4511;0,0236;0,451715614;;;
-0,4033;0,1784;0,441000898;;;
-0,5069;0,0527;0,509620436;;;
-0,3618;0,1306;0,384651359;;;
-0,5266;0,1139;0,538741754;;;
-0,3664;0,0664;0,372371752;;;
-0,4972;0,1722;0,526155516;;;
-0,4157;0,0234;0,41633805;;;
-0,4345;0,1937;0,475709197;;;
-0,4819;0,0283;0,482682865;;;
-0,3735;0,1647;0,40822093;;;
-0,5266;0,0790;0,532447071;;;
-0,3506;0,1006;0,364724209;;;
-0,5225;0,1485;0,543179073;;;
-0,3802;0,0382;0,382147063;;;
-0,4702;0,1960;0,509438888;;;
-0,4466;0,0146;0,446790461;;;
-0,3986;0,1934;0,443092766;;;
-0,5115;0,0454;0,513502814;;;
-0,3488;0,1407;0,376150379;;;
-0,5368;0,1145;0,548887749;;;
-0,3511;0,0671;0,357455929;;;
-0,5057;0,1832;0,537887333;;;
-0,4054;0,0158;0,405757468;;;
-0,4345;0,2109;0,482979173;;;
-0,4818;0,0186;0,482122357;;;
-0,3630;0,1806;0,405411346;;;
-0,5358;0,0754;0,54105331;;;
-0,3331;0,1079;0,350163741;;;
-0,5342;0,1561;0,556531698;;;
-0,3643;0,0347;0,366000114;;;
-0,4757;0,2143;0,521761176;;;
-0,4401;0,0044;0,440167948;;;
-0,3920;0,2149;0,44699773;;;
-0,5172;0,0374;0,518578191;;;
-0,3312;0,1557;0,365943822;;;
-0,5500;0,1175;0,562462801;;;
-0,3300;0,0700;0,337326539;;;
-0,5164;0,2004;0,553973137;;;
-0,3916;0,0075;0,391630534;;;
-0,4331;0,2370;0,493721858;;;
-0,4815;0,0072;0,481525232;;;
-0,3468;0,2051;0,402904473;;;
-0,5480;0,0729;0,552866409;;;
-0,3083;0,1199;0,330763793;;;
-0,5498;0,1697;0,575343824;;;
-0,3417;0,0311;0,343121407;;;
-0,4820;0,2424;0,539511294;;;
-0,4310;-0,0079;0,431097706;;;
-0,3808;0,2476;0,454198801;;;
-0,5254;0,0289;0,526206352;;;
-0,3044;0,1795;0,353341958;;;
-0,5685;0,1255;0,582163524;;;
-0,2987;0,0757;0,30811612;;;
-0,5309;0,2283;0,577940156;;;
-0,3706;-0,0027;0,370597585;;;
-0,4298;0,2778;0,511789825;;;
-0,4812;-0,0062;0,481228754;;;
-0,3216;0,2425;0,402827797;;;
-0,5659;0,0730;0,570592654;;;
-0,2692;0,1399;0,303357052;;;
-0,5718;0,1944;0,603965521;;;
-0,3068;0,0279;0,308092634;;;
-0,4893;0,2895;0,568500474;;;
-0,4169;-0,0245;0,417610629;;;
-0,3608;0,3014;0,470137122;;;
-0,5375;0,0196;0,537874625;;;
-0,2595;0,2189;0,339463646;;;
-0,5961;0,1424;0,612910735;;;
-0,2468;0,0865;0,261472254;;;
-0,5515;0,2783;0,617725259;;;
-0,3361;-0,0172;0,336577021;;;
-0,4204;0,3488;0,546269014;;;
-0,4799;-0,0248;0,480542896;;;
-0,2744;0,3082;0,412656119;;;
-0,5950;0,0780;0,600078974;;;
-0,1986;0,1748;0,264572133;;;
-0,6067;0,2430;0,653536695;;;
-0,2429;0,0239;0,244091911;;;
-0,4967;0,3784;0,624424574;;;
-0,3907;-0,0509;0,39402628;;;
-0,3173;0,4031;0,512970879;;;
-0,5592;0,0078;0,559217342;;;
-0,1686;0,2941;0,338992772;;;
-0,6457;0,1831;0,671140611;;;
-0,1416;0,1082;0,178208124;;;
-0,5838;0,3856;0,6996434;;;
-0,2643;-0,0445;0,26803304;;;
-0,3900;0,5005;0,634527378;;;
-0,4766;-0,0595;0,480282807;;;
-0,1616;0,4517;0,479748457;;;
-0,6546;0,0990;0,66207254;;;
-0,0299;0,2530;0,254734861;;;
-0,6774;0,3674;0,770615051;;;
-0,0860;0,0128;0,086966216;;;
-0,4973;0,6072;0,784865817;;;
-0,3209;-0,1146;0,340741109;;;
-0,1805;0,6745;0,698199899;;;
-0,6129;-0,0136;0,613047066;;;
0,1132;0,5052;0,517692729;;;
-0,7788;0,3213;0,842448669;;;
0,2067;0,1678;0,266205638;;;
-0,6629;0,7608;1,009098014;;;
0,0018;-0,1467;0,146755958;;;
-0,2275;1,0888;1,112365221;;;
-0,4489;-0,1946;0,489287946;;;
0,4101;1,0947;1,168958473;;;
-0,9278;0,2281;0,955399226;;;
1,0096;0,6755;1,21479646;;;
-1,0841;1,2457;1,651338897;;;
1,2959;-0,1216;1,301564377;;;
-0,3411;3,1364;3,154946223;;;
0,9841;-1,2307;1,575753978;;;
5,4247;10,5314;11,84640445;;;
4,6388;3,1254;5,593426594;;;
-6,3802;-4,0184;7,54020783;;;
0,5985;-1,1694;1,313664887;;;
-2,6089;-0,2745;2,62331647;;;
-0,2562;-1,2415;1,267632093;;;
-1,3023;0,3182;1,340580324;;;
-0,7313;-0,8989;1,158768982;;;
-0,6940;0,2976;0,755094036;;;
-0,8258;-0,4899;0,96016154;;;
-0,4849;0,2618;0,55109857;;;
-0,6661;-0,2860;0,724930186;;;
-0,2651;0,6202;0,674502325;;;
-0,5862;-0,4934;0,766245493;;;
2,3380;3,0879;3,873157337;;;
2,1421;1,2729;2,491768384;;;
-3,4515;-1,0839;3,617659713;;;
0,0069;-0,5972;0,597254016;;;
-1,8538;0,2493;1,8704565;;;
-0,5522;-0,8514;1,014798412;;;
-1,0597;0,5583;1,197796087;;;
-1,0893;-0,7212;1,306409589;;;
-0,5074;0,4080;0,651043487;;;
-1,4304;-0,2812;1,457768843;;;
